LE_ID,ENGLISH,GAEILGE,CONTAE,COUNTY,PROVINCE,GUID,CENTROID_X,CENTROID_Y,AREA,OBJECTID,Shape__Area,Shape__Length
13160403,RATOATH LEA-7,,An Mhí,MEATH,Leinster,2ae19629-3f1b-13a3-e055-000000000001,696233.81,749103.41,294980555.41,1,294959510.061768,107049.850549704
13210401,ROSCREA-TEMPLEMORE LEA-4,,Tiobraid Árann,TIPPERARY,Munster,2ae19629-3f2d-13a3-e055-000000000001,608921.75,676626.3,492845201.58,2,492868121.071991,152755.155302461
13180401,TULLAMORE LEA-7,,Uíbh Fhailí,OFFALY,Leinster,2ae19629-3f22-13a3-e055-000000000001,629141.28,727081.41,399429567.82,3,399427323.740692,117732.208119842
1360401,TUAM LEA-7,,Gaillimh,GALWAY,Connacht,2ae19629-3f49-13a3-e055-000000000001,537051.25,753542.8,780692552.61,4,780619720.868622,172829.409271653
13100400,BORRIS-IN-OSSORY -MOUNTMELLICK LEA-6,,Laois,LAOIS,Leinster,2ae19629-3eff-13a3-e055-000000000001,634575.29,694308.36,907577813.22,5,907540195.538361,215106.561323524
13230402,KINNEGAD LEA-5,,An Iarmhí,WESTMEATH,Leinster,2ae19629-3f38-13a3-e055-000000000001,650028.73,760450.81,713836294.06,6,713837706.389343,211372.650323447
13260428,DONAGHMEDE LEA-5,,Baile Átha Cliath,DUBLIN,Leinster,2ae19629-3f5e-13a3-e055-000000000001,722785.9,739165.98,9391520.2,7,9395931.5970459,20932.2111809539
1350401,MILFORD LEA-3,,Dún na nGall,DONEGAL,Ulster,2ae19629-3f44-13a3-e055-000000000001,613765.64,930821.56,515697824.15,8,515720892.714539,336814.335973835
1360422,GALWAY CITY EAST LEA-6,,Gaillimh,GALWAY,Connacht,2ae19629-3f6a-13a3-e055-000000000001,533315.34,726714.34,20305944.93,9,20318002.1186218,32627.3450357386
13170402,BALLYBAY-CLONES LEA-5,,Muineachán,MONAGHAN,Ulster,2ae19629-3f20-13a3-e055-000000000001,662209.11,820886.44,542251917.92,10,542261264.981689,206020.339599944
1380405,CLANE LEA-5,,Cill Dara,KILDARE,Leinster,2ae19629-3ef4-13a3-e055-999880000001,674866.63,733279.17,378107171.04,11,378051727.653351,109878.557581336
1320400,CAVAN - BELTURBET LEA-6,,An Cabhán,CAVAN,Ulster,2ae19629-3f29-13a3-e055-000000000001,622293.1,819038.81,679676119.47,12,679696100.047333,231707.906099159
13260412,TALLAGHT CENTRAL LEA-6,,Baile Átha Cliath,DUBLIN,Leinster,2ae19629-3f51-13a3-e055-000000000001,708602.09,728308.34,14760704.28,13,14728437.071106,18224.130132946
13230401,MOATE LEA-4,,An Iarmhí,WESTMEATH,Leinster,2ae19629-3f37-13a3-e055-000000000001,629172.63,750410.44,731360783.58,14,731358391.885559,201177.59737812
13210400,NENAGH LEA-5,,Tiobraid Árann,TIPPERARY,Munster,2ae19629-3f2c-13a3-e055-000000000001,591300.27,694071.03,636110105.5,15,636153840.213043,150348.412845829
13140400,DUNDALK-CARLINGFORD LEA-6,,Lú,LOUTH,Leinster,2ae19629-3f10-13a3-e055-000000000001,711228.46,812110.26,198271752.07,16,198300069.283203,103711.648085421
13260422,BALLYFERMOT-DRIMNAGH LEA-5,,Baile Átha Cliath,DUBLIN,Leinster,2ae19629-3f58-13a3-e055-000000000001,709963.71,732999.97,11027336.78,17,11017166.9371033,19726.0830843182
13260406,DUNDRUM LEA-7,,Baile Átha Cliath,DUBLIN,Leinster,2ae19629-3efd-13a3-e055-000000000001,716791.52,728307.05,10166489.35,18,10170315.10495,16700.0533853968
13260404,HOWTH-MALAHIDE LEA-7,,Baile Átha Cliath,DUBLIN,Leinster,2ae19629-3efb-13a3-e055-000000000001,724036.23,741866.48,46733669.48,19,46762772.9627075,63576.796906617
13260419,PALMERSTOWN-FONTHILL LEA-5,,Baile Átha Cliath,DUBLIN,Leinster,2ae19629-3ef4-13a3-e055-999770000001,706982.84,734272.97,11204056.91,20,11174585.7983704,16563.0728589942
13220421,WATERFORD CITY SOUTH LEA-6,,Port Láirge,WATERFORD,Munster,2ae19629-3f34-13a3-e055-000000000001,659642.34,607046.13,34986956.59,21,34980015.3399963,35499.3545454233
13140402,ARDEE LEA-6,,Lú,LOUTH,Leinster,2ae19629-3f12-13a3-e055-000000000001,700829.53,792443.66,379552110.97,22,379597520.112579,131782.214668721
13140403,DROGHEDA RURAL LEA-4,,Lú,LOUTH,Leinster,2ae19629-3f13-13a3-e055-000000000001,708773.09,780808.05,116963827.01,23,116947220.536957,72070.2959390022
13110400,MANORHAMILTON LEA-6,,Liatroim,LEITRIM,Connacht,2ae19629-3f04-13a3-e055-000000000001,587866.33,837874.9,756210852.49,24,756166951.986969,159701.548578739
13250403,WICKLOW LEA-6,,Cill Mhantáin,WICKLOW,Leinster,2ae19629-3ef5-13a3-e055-000000000001,719366.91,698423.14,434096004.56,25,434087217.559998,141136.966248766
13160402,ASHBOURNE LEA-6,,An Mhí,MEATH,Leinster,2ae19629-3f1a-13a3-e055-000000000001,702423.91,757527.89,302696587.68,26,302696588.019836,178721.525815401
13170400,MONAGHAN LEA-7,,Muineachán,MONAGHAN,Ulster,2ae19629-3f1e-13a3-e055-000000000001,666867.79,838237.2,404888316.29,27,404869695.999878,150626.227824291
13100402,GRAIGUECULLEN -PORTARLINGTON-LEA-6,,Laois,LAOIS,Leinster,2ae19629-3f01-13a3-e055-000000000001,660846.94,692938.57,518584960.12,28,518632058.596619,152177.826576308
13210404,CASHEL-TIPPERARY LEA-7,,Tiobraid Árann,TIPPERARY,Munster,2ae19629-3f30-13a3-e055-000000000001,591841,641660.05,776925523.15,29,776992474.849976,193180.818784419
13250400,BALTINGLASS LEA-6,,Cill Mhantáin,WICKLOW,Leinster,2ae19629-3f3d-13a3-e055-000000000001,696952.59,690738.1,916221061.65,30,916210643.687622,247504.935399448
13260402,BLANCHARDSTOWN-MULHUDDART LEA-5,,Baile Átha Cliath,DUBLIN,Leinster,2ae19629-3ef9-13a3-e055-000000000001,709686.84,742410.84,57360043.54,31,57360664.1645813,46167.1011467926
13260405,STILLORGAN LEA-6,,Baile Átha Cliath,DUBLIN,Leinster,2ae19629-3efc-13a3-e055-000000000001,720118.68,727546.07,11494745.72,32,11501164.1151428,22384.4239704595
13260425,SOUTH EAST INNER CITY LEA-5,,Baile Átha Cliath,DUBLIN,Leinster,2ae19629-3f5b-13a3-e055-000000000001,718993.18,733461.93,6908777.04,33,6921892.05633545,22246.0837840583
1310400,CARLOW LEA-7,,Ceatharlach,CARLOW,Leinster,2ae19629-3f02-13a3-e055-000000000001,674919.4,676215.85,62424599.6,34,62411490.3702087,58266.0552389373
1340400,KANTURK LEA-4,,Corcaigh,CORK,Munster,2ae19629-3f63-13a3-e055-000000000001,536546.35,606204.56,924677467.79,35,924694544.607391,223119.860588521
1390402,PILTOWN LEA-5,,Cill Chainnigh,KILKENNY,Leinster,2ae19629-3f76-13a3-e055-000000000001,655906.7,621996.77,428362380.48,36,428378474.95224,118135.631946324
13260426,NORTH INNER CITY LEA-7,,Baile Átha Cliath,DUBLIN,Leinster,2ae19629-3f5c-13a3-e055-000000000001,716931.72,735470.41,8839764.83,37,8858498.31130981,22341.4394397551
13150403,BELMULLET-LEA-3,,Maigh Eo,MAYO,Connacht,2ae19629-3f17-13a3-e055-000000000001,476642.9,819846.11,1459897271.57,38,1459642838.52438,891607.606499795
13260430,SOUTH WEST INNER CITY LEA-5,,Baile Átha Cliath,DUBLIN,Leinster,2ae19629-3ef4-13a3-e055-999660000001,713151.29,733455.89,5393122.03,39,5382743.29840088,12119.5130458912
1340403,CARRIGALINE LEA-6,,Corcaigh,CORK,Munster,2ae19629-3f66-13a3-e055-000000000001,568369.58,561595.37,182800008.01,40,182768451.810486,169553.349448296
1390400,CASTLECOMER LEA-6,,Cill Chainnigh,KILKENNY,Leinster,2ae19629-3f74-13a3-e055-000000000001,645580.58,665664.67,792752344.13,41,792809024.701843,228879.687152681
13260400,RUSH-LUSK LEA-5,,Baile Átha Cliath,DUBLIN,Leinster,2ae19629-3ef7-13a3-e055-000000000001,718305.35,756373.34,191956357.19,42,191997717.014679,146028.976783022
13150401,CLAREMORRIS LEA-6,,Maigh Eo,MAYO,Connacht,2ae19629-3f15-13a3-e055-000000000001,532050.17,767934.34,844778284.78,43,844765730.182373,189600.455906811
1370402,KILLARNEY LEA-7,,Ciarraí,KERRY,Munster,2ae19629-3f6d-13a3-e055-000000000001,503155.02,589193.34,579077595.03,44,579060778.72699,159741.06835331
13220420,TRAMORE-WATERFORD CITY WEST LEA-6,,Port Láirge,WATERFORD,Munster,2ae19629-3f33-13a3-e055-000000000001,656519.98,606134,77519245.82,45,77514704.9992065,84011.9702015578
1360404,ATHENRY-ORANMORE LEA-7,,Gaillimh,GALWAY,Connacht,2ae19629-3f4c-13a3-e055-000000000001,546132.73,730155.14,518319651.7,46,518362482.107483,205852.862326468
1340414,CORK CITY SOUTH WEST LEA-7,,Corcaigh,CORK,Munster,2ae19629-3ef4-13a3-e055-000012000001,562157.65,568134.25,38893223.55,47,38911802.3159485,40031.9177577931
13200400,BALLYMOTE-TOBERCURRY LEA-7,,Sligeach,SLIGO,Connacht,2ae19629-3f27-13a3-e055-000000000001,557897.46,817604.05,1410256786.93,48,1410263901.54541,308558.365850606
13120421,LIMERICK CITY NORTH LEA-7,,Luimneach,LIMERICK,Munster,2ae19629-3f0b-13a3-e055-000000000001,556119.81,658028.26,21079340.85,49,21073274.9261169,24511.1763658394
1360403,LOUGHREA LEA-5,,Gaillimh,GALWAY,Connacht,2ae19629-3f4b-13a3-e055-000000000001,573551.24,711413.78,932198555.59,50,932193855.165009,204740.163029127
1340411,CORK CITY NORTH EAST LEA-6,,Corcaigh,CORK,Munster,2ae19629-3ef4-13a3-e055-999440000001,570350,575909.68,41031152.05,51,41008848.175354,31010.0746003431
13160400,KELLS LEA-7,,An Mhí,MEATH,Leinster,2ae19629-3f18-13a3-e055-000000000001,667959.2,778248.66,819913052.44,52,819955661.087708,237300.521260494
13240400,GOREY LEA-6,,Loch Garman,WEXFORD,Leinster,2ae19629-3f39-13a3-e055-000000000001,711915.52,661558.41,384165209.14,53,384225294.572754,113354.229995923
1360405,GORT-KINVARA LEA-5,,Gaillimh,GALWAY,Connacht,2ae19629-3ef4-13a3-e055-999330000001,546619.92,707951.16,613087072.1,54,613032028.653229,245253.176877317
13260416,CLONDALKIN LEA-7,,Baile Átha Cliath,DUBLIN,Leinster,2ae19629-3f55-13a3-e055-000000000001,702818.86,726627.14,75701326.65,55,75741801.5699158,49964.0247733997
13180400,BIRR LEA-6,,Uíbh Fhailí,OFFALY,Leinster,2ae19629-3f21-13a3-e055-000000000001,611040.21,706125.44,1009479349.72,56,1009489252.35516,225975.029124653
13260420,BALLYMUN-FINGLAS LEA-6,,Baile Átha Cliath,DUBLIN,Leinster,2ae19629-3f56-13a3-e055-000000000001,713959.78,739257.98,10992513.32,57,11004563.8235168,16671.3341776174
13240404,WEXFORD LEA-7,,Loch Garman,WEXFORD,Leinster,2ae19629-3ef4-13a3-e055-000024000001,701839.26,624607.89,159775564.13,58,159750896.957916,105810.952156536
13240401,KILMUCKRIDGE LEA-4,,Loch Garman,WEXFORD,Leinster,2ae19629-3f3a-13a3-e055-000000000001,710008.55,641069.37,400476465.19,59,400495207.615448,113530.470420225
1370400,LISTOWEL LEA-6,,Ciarraí,KERRY,Munster,2ae19629-3f6b-13a3-e055-000000000001,489694.26,635124.43,815529516.9,60,815389429.58075,198156.441090575
1350406,LIFFORD-STRANORLAR LEA-6,,Dún na nGall,DONEGAL,Ulster,2ae19629-3ef4-13a3-e055-075000000001,615123.4,898758.19,708024604.64,61,708134041.763184,170872.756601361
1330404,KILRUSH LEA-5,,An Clár,CLARE,Munster,2ae19629-3ef4-13a3-e055-000000044001,501870.41,663859.45,1142909200.23,62,1143025000.19424,260817.385864181
1340412,CORK CITY SOUTH EAST LEA-6,,Corcaigh,CORK,Munster,2ae19629-3ef4-13a3-e055-999990000001,571820.37,568962.74,32191221.51,63,32202864.3248596,28229.0758100094
1340402,MIDLETON LEA-7,,Corcaigh,CORK,Munster,2ae19629-3f65-13a3-e055-000000000001,594833.86,574449.29,552703226.5,64,552689279.138275,181505.705490415
13120400,NEWCASTLE WEST LEA-6,,Luimneach,LIMERICK,Munster,2ae19629-3f07-13a3-e055-000000000001,528978.57,632878.5,737389404.39,65,737413578.006165,199674.047432015
13250405,BRAY EAST LEA-4,,Cill Mhantáin,WICKLOW,Leinster,2ae19629-3ef4-13a3-e055-999220000001,726645.73,718232.55,4619049.15,66,4632709.21334839,13563.2206032738
1390401,KILKENNY LEA-7,,Cill Chainnigh,KILKENNY,Leinster,2ae19629-3f75-13a3-e055-000000000001,649302.06,658022.3,78477686.48,67,78465511.2268677,49217.0256498916
13130402,LONGFORD LEA-7,,An Longfort,LONGFORD,Leinster,2ae19629-3f0f-13a3-e055-000000000001,613075.51,778755.54,171731551.34,68,171690223.525513,99588.9126095066
1380400,MAYNOOTH LEA-5,,Cill Dara,KILDARE,Leinster,2ae19629-3f6f-13a3-e055-000000000001,689061.56,735671.49,164022660.78,69,164053134.527252,73186.9419277159
13180402,EDENDERRY LEA-6,,Uíbh Fhailí,OFFALY,Leinster,2ae19629-3f23-13a3-e055-000000000001,652184.7,725706.97,591115746.55,70,591103190.295044,140884.697773501
13140404,DROGHEDA URBAN LEA-6,,Lú,LOUTH,Leinster,2ae19629-3ef4-13a3-e055-997550000001,708865.49,775010.36,9345858.73,71,9331260.85934448,17367.0526718957
13100401,PORTLAOISE LEA-7,,Laois,LAOIS,Leinster,2ae19629-3f00-13a3-e055-000000000001,646834.75,693199,292964376.77,72,292987531.665405,121417.741497019
13260417,BALBRIGGAN LEA-5,,Baile Átha Cliath,DUBLIN,Leinster,2ae19629-3ef4-13a3-e055-997440000001,722239.55,760935.01,56703344.27,73,56740673.9338684,48296.3477279601
13260414,FIRHOUSE-BOHERNABREENA LEA-5,,Baile Átha Cliath,DUBLIN,Leinster,2ae19629-3f53-13a3-e055-000000000001,711735.16,721926.53,54591719.76,74,54584367.7809448,39178.6825219115
1380402,NAAS LEA-7,,Cill Dara,KILDARE,Leinster,2ae19629-3f71-13a3-e055-000000000001,694116.43,718202.21,188255341.55,75,188284852.277924,87870.3490228257
1360400,CONAMARA NORTH LEA-4,,Gaillimh,GALWAY,Connacht,2ae19629-3f48-13a3-e055-000000000001,487177.08,746751.04,1525641267.65,76,1525344918.52396,921396.079431682
13210403,CLONMEL LEA-6,,Tiobraid Árann,TIPPERARY,Munster,2ae19629-3f2f-13a3-e055-000000000001,622242.17,629840.91,250247647.74,77,250236505.275726,101202.00416743
1320401,BAILIEBOROUGH - COOTEHILL LEA-6,,An Cabhán,CAVAN,Ulster,2ae19629-3f2a-13a3-e055-000000000001,661329.76,804522.6,646035575.54,78,646045884.494019,179946.423578576
1310401,TULLOW LEA-6,,Ceatharlach,CARLOW,Leinster,2ae19629-3f03-13a3-e055-000000000001,687073.85,669295.18,415169004.66,79,415087422.614319,160059.637354193
1360406,CONAMARA SOUTH LEA-5,,Gaillimh,GALWAY,Connacht,2ae19629-3ef4-13a3-e055-994560000001,502790.93,719258.71,533347607.25,80,533337058.308746,439906.73987427
13250404,ARKLOW LEA-6,,Cill Mhantáin,WICKLOW,Leinster,2ae19629-3ef6-13a3-e055-000000000001,716397.18,682481.27,485817556.85,81,485839536.926239,144743.757177401
1380406,LEIXLIP LEA-3,,Cill Dara,KILDARE,Leinster,2ae19629-3ef4-13a3-e055-994510000001,699310.66,737035.6,12690316.43,82,12693342.466217,20827.2365822033
13130400,GRANARD LEA-5,,An Longfort,LONGFORD,Leinster,2ae19629-3f0d-13a3-e055-000000000001,627332.72,784973.11,413053009.89,83,413131378.70401,135597.723928717
13140401,DUNDALK SOUTH LEA-7,,Lú,LOUTH,Leinster,2ae19629-3f11-13a3-e055-000000000001,700409.83,804594.49,121970145.41,84,122004502.300293,92334.8519767921
1340407,SKIBBEREEN-WEST CORK LEA-5,,Corcaigh,CORK,Munster,2ae19629-3f42-13a3-e055-000000000001,518935.33,542035.24,759789137.78,85,759605990.43985,395267.029130017
13260421,CABRA-GLASNEVIN LEA-7,,Baile Átha Cliath,DUBLIN,Leinster,2ae19629-3f57-13a3-e055-000000000001,712914.67,736091.41,17702880.54,86,17684313.6431885,20648.1238683345
1390403,CALLAN-THOMASTOWN LEA-6,,Cill Chainnigh,KILKENNY,Leinster,2ae19629-3f77-13a3-e055-000000000001,654967.68,640951.68,771507794.37,87,771466989.696136,185372.791951825
13240402,NEW ROSS LEA-6,,Loch Garman,WEXFORD,Leinster,2ae19629-3f3b-13a3-e055-000000000001,680272.09,622009.28,614778016.15,88,614733235.507996,185407.374152748
13210402,CARRICK-ON-SUIR  LEA-5,,Tiobraid Árann,TIPPERARY,Munster,2ae19629-3f2e-13a3-e055-000000000001,626085.6,638323,582144539.69,89,582144800.681671,179945.831645227
13230400,ATHLONE LEA-5,,An Iarmhí,WESTMEATH,Leinster,2ae19629-3f36-13a3-e055-000000000001,609541.79,743907.22,221819914.01,90,221817248.654388,81639.7566571088
13150400,BALLINA LEA-6,,Maigh Eo,MAYO,Connacht,2ae19629-3f14-13a3-e055-000000000001,518331.8,824723.56,883803482.24,91,883762339.85907,231907.293681406
1350404,DONEGAL LEA-6,,Dún na nGall,DONEGAL,Ulster,2ae19629-3f47-13a3-e055-000000000001,582970.28,875183.96,1089654920.03,92,1089657905.8667,450092.759638474
1360402,BALLINASLOE LEA-6,,Gaillimh,GALWAY,Connacht,2ae19629-3f4a-13a3-e055-000000000001,578110.34,744839.55,1194777596.82,93,1194760852.89435,280274.338360273
13210405,NEWPORT LEA-4,,Tiobraid Árann,TIPPERARY,Connacht,2ae19629-3ef4-13a3-e055-662310000001,582500.24,670961.69,569462034.99,94,569496763.808197,141073.690923108
13260403,CASTLEKNOCK LEA-6,,Baile Átha Cliath,DUBLIN,Leinster,2ae19629-3efa-13a3-e055-000000000001,706256.45,737609.43,23650619.79,95,23633396.7738037,30295.8381930192
13120401,ADARE-RATHKEALE LEA-6,,Luimneach,LIMERICK,Munster,2ae19629-3f08-13a3-e055-000000000001,540522.45,645451.95,757526184.7,96,757489560.364777,194295.878934931
13240403,ROSSLARE LEA-5,,Loch Garman,WEXFORD,Leinster,2ae19629-3f3c-13a3-e055-000000000001,698303.15,609281.14,388158699.67,97,388262932.917694,159909.631809906
1340410,CORK CITY NORTH WEST LEA-6,,Corcaigh,CORK,Munster,2ae19629-3ef4-13a3-e055-774560000001,561987.61,574725.85,57591949.96,98,57599979.256958,41600.3812245185
1340401,FERMOY LEA-6,,Corcaigh,CORK,Munster,2ae19629-3f64-13a3-e055-000000000001,577582.83,600953.28,946152161.19,99,946101856.939056,223362.076836386
13260424,PEMBROKE LEA-5,,Baile Átha Cliath,DUBLIN,Leinster,2ae19629-3f5a-13a3-e055-000000000001,717772.16,731740.31,9408140.61,100,9420463.80825806,15915.7555036407
13260411,LUCAN LEA-5,,Baile Átha Cliath,DUBLIN,Leinster,2ae19629-3f50-13a3-e055-000000000001,703153.88,734128.88,17222931.72,101,17240594.7584839,22669.3062660942
13250402,GREYSTONES LEA-6,,Cill Mhantáin,WICKLOW,Leinster,2ae19629-3ef4-13a3-e055-000000000001,727534.52,707695.74,65092815.12,102,65108508.5661926,54014.0853713577
13260413,RATHFARNHAM-TEMPLEOGUE LEA-7,,Baile Átha Cliath,DUBLIN,Leinster,2ae19629-3f52-13a3-e055-000000000001,711699.62,729647.92,16764578.58,103,16774610.4275513,27193.3951185526
1310402,MUINEBEAG LEA-5,,Ceatharlach,CARLOW,Leinster,2ae19629-3ef4-13a3-e055-553330000001,671583.36,654477.76,418712581.75,104,418721125.215607,131407.039029988
1370401,CASTLEISLAND LEA-4,,Ciarraí,KERRY,Munster,2ae19629-3f6c-13a3-e055-000000000001,501267.53,609619.88,680503135.24,105,680530308.921173,153260.471296903
13160401,LAYTOWN  BETTYSTOWN-LEA-7,,An Mhí,MEATH,Leinster,2ae19629-3f19-13a3-e055-000000000001,702240.78,776366.35,305172668.09,106,305158343.395752,149390.394572778
1340404,COBH LEA-6,,Corcaigh,CORK,Munster,2ae19629-3f67-13a3-e055-000000000001,574017.07,577964.56,295878306.23,107,295888121.539032,128535.781502754
13220422,WATERFORD CITY EAST LEA-6,,Port Láirge,WATERFORD,Munster,2ae19629-3f35-13a3-e055-000000000001,666260.92,605951.54,111277740.02,108,111275998.514465,72654.1258590598
1360420,GALWAY CITY WEST LEA-6,,Gaillimh,GALWAY,Connacht,2ae19629-3f4d-13a3-e055-000000000001,526456.47,724564.72,11080414.4,109,11118722.3040161,24459.5733816428
1340408,MACROOM LEA-6,,Corcaigh,CORK,Munster,2ae19629-3ef4-13a3-e055-222220000001,535110,577142.22,1195937267.43,110,1195898556.85803,238475.314470102
13220400,DUNGARVAN LEA-6,,Port Láirge,WATERFORD,Munster,2ae19629-3f31-13a3-e055-000000000001,620937.18,590141.01,401318713.83,111,401327565.128754,170993.504068031
13250401,BRAY WEST LEA-4,,Cill Mhantáin,WICKLOW,Leinster,2ae19629-3f3e-13a3-e055-000000000001,719000.32,715112.2,119309122.91,112,119327913.47525,59659.4304556898
1320402,BALLYJAMESDUFF LEA-6,,An Cabhán,CAVAN,Ulster,2ae19629-3f2b-13a3-e055-000000000001,648492.72,794486.68,605512869.03,113,605443757.686798,204115.614412139
1340409,MALLOW LEA-5,,Corcaigh,CORK,Munster,2ae19629-3ef4-13a3-e055-444440000001,551118.2,599583.57,571352712.83,114,571356206.684021,165650.307836145
1380407,NEWBRIDGE LEA-6,,Cill Dara,KILDARE,Leinster,2ae19629-3ef4-13a3-e055-777770000001,684652.87,713010.1,170644739.31,115,170650539.082062,80688.4842743986
13160405,NAVAN LEA-7,,An Mhí,MEATH,Leinster,2ae19629-3f1d-13a3-e055-000000000001,685669.09,766351.21,119787463.61,116,119781427.152283,60172.9123861938
13190402,ATHLONE LEA-6,,Ros Comáin,ROSCOMMON,Connacht,2ae19629-3f26-13a3-e055-000000000001,589392.86,747133.84,695622902.13,117,695597586.06134,182517.653654704
13130401,BALLYMAHON LEA-6,,An Longfort,LONGFORD,Leinster,2ae19629-3f0e-13a3-e055-000000000001,614383.07,763763.3,506293266.43,118,506331761.568756,133832.375624566
1370405,TRALEE LEA-6,,Ciarraí,KERRY,Munster,2ae19629-3ef4-13a3-e055-000005600001,480548.82,617372.16,212978032.31,119,212992290.767334,131412.84155485
1360421,GALWAY CITY CENTRAL LEA-6,,Gaillimh,GALWAY,Connacht,2ae19629-3f69-13a3-e055-000000000001,528557.45,726731.82,19308687.87,120,19300217.0592651,26634.6298242988
13260423,KIMMAGE-RATHMINES LEA-6,,Baile Átha Cliath,DUBLIN,Leinster,2ae19629-3f59-13a3-e055-000000000001,714008.12,731085.64,10370127.43,121,10383458.0570679,15736.1252469369
13120422,LIMERICK CITY EAST LEA-7,,Luimneach,LIMERICK,Munster,2ae19629-3f0c-13a3-e055-000000000001,562022.13,657832.49,125704613.63,122,125727538.568756,78292.8054192929
13210406,THURLES LEA-5,,Tiobraid Árann,TIPPERARY,Munster,2ae19629-3ef4-13a3-e055-000005500001,613699.59,657274.19,455323923.43,123,455224452.430908,164219.329255492
13190401,ROSCOMMON LEA-6,,Ros Comáin,ROSCOMMON,Connacht,2ae19629-3f25-13a3-e055-000000000001,574839.11,774993.4,845918095.52,124,845950452.804749,257927.272078385
1380404,KILDARE LEA-5,,Cill Dara,KILDARE,Leinster,2ae19629-3f73-13a3-e055-000000000001,668740.4,715910.7,275432425.66,125,275442611.04715,131850.051350666
1350402,CARNDONAGH LEA-4,,Dún na nGall,DONEGAL,Ulster,2ae19629-3f45-13a3-e055-000000000001,648936.31,950083.42,474218172.91,126,474216192.286804,224105.197751906
1330401,KILLALOE LEA-5,,An Clár,CLARE,Munster,2ae19629-3f60-13a3-e055-000000000001,558467.99,681077.5,967005974.72,127,967000556.585907,186015.147767455
1340405,BANDON - KINSALE LEA-6,,Corcaigh,CORK,Munster,2ae19629-3f68-13a3-e055-000000000001,554589.44,550666.25,646341560.1,128,646378550.520691,269553.285824166
13190400,BOYLE LEA-6,,Ros Comáin,ROSCOMMON,Connacht,2ae19629-3f24-13a3-e055-000000000001,581396.7,797765.42,1005595219.59,129,1005550055.24503,266440.826202631
13260427,CLONTARF LEA-6,,Baile Átha Cliath,DUBLIN,Leinster,2ae19629-3f5d-13a3-e055-000000000001,719751.49,736852.7,14942167.48,130,14921741.6349182,27047.7691927368
13220401,PORTLAW-KILMACTHOMAS LEA-5,,Port Láirge,WATERFORD,Munster,2ae19629-3f32-13a3-e055-000000000001,634239.38,609153.16,712877647.52,131,712882507.837219,170657.055063996
13220402,LISMORE LEA-3,,Port Láirge,WATERFORD,Munster,2ae19629-3ef4-13a3-e055-000005300001,606581.97,597092.73,519828966.62,132,519895033.286774,176341.688532627
1380403,ATHY LEA-5,,Cill Dara,KILDARE,Leinster,2ae19629-3f72-13a3-e055-000000000001,673899.48,693781.57,464313051.24,133,464363245.458313,137988.423508024
13110401,BALLINAMORE-LEA-6,,Liatroim,LEITRIM,Connacht,2ae19629-3f05-13a3-e055-000000000001,610641.91,808758.79,545885499.33,134,545877778.469208,164515.048349481
13120420,LIMERICK CITY WEST LEA-7,,Luimneach,LIMERICK,Munster,2ae19629-3f0a-13a3-e055-000000000001,551741.71,652792.85,78212676.73,135,78223681.6763611,55886.1071008143
13240405,ENNISCORTHY LEA-6,,Loch Garman,WEXFORD,Leinster,2ae19629-3ef4-13a3-e055-999550000001,693932.79,645396.33,422411826.95,136,422466685.581268,134134.452217249
13150405,SWINFORD LEA-4,,Maigh Eo,MAYO,Connacht,2ae19629-3ef4-13a3-e055-999110000001,540766.25,793516.26,663434187.22,137,663490221.61972,222263.911050997
1370404,CORCA DHUIBHNE LEA-3,,Ciarraí,KERRY,Munster,2ae19629-3ef4-13a3-e055-883360000001,452145.53,606569.76,657546942.92,138,657529784.614868,370636.559665101
13150404,WESTPORT LEA-4,,Maigh Eo,MAYO,Connacht,2ae19629-3ef4-13a3-e055-111110000001,483845.13,784179.98,784820714.39,139,784662526.164154,450272.98925516
13110402,CARRICK-ON-SHANNON LEA-6,,Liatroim,LEITRIM,Connacht,2ae19629-3f06-13a3-e055-000000000001,603739.27,797046.82,285933831.16,140,285929096.543884,125048.543594334
13260408,KILLINEY-SHANKILL LEA-7,,Baile Átha Cliath,DUBLIN,Leinster,2ae19629-3f40-13a3-e055-000000000001,724349.01,722551.71,31857298.25,141,31853417.3310242,31312.7942420119
13260415,TALLAGHT SOUTH LEA-5,,Baile Átha Cliath,DUBLIN,Leinster,2ae19629-3f54-13a3-e055-000000000001,706093.91,724111.14,33202903.7,142,33192625.0184326,32368.5347058927
13210407,CAHIR LEA-4,,Tiobraid Árann,TIPPERARY,Munster,2ae19629-3ef4-13a3-e055-000005400001,602429.18,619547.89,540336932.79,143,540352674.128296,138047.904042528
13260407,GLENCULLEN-SANDYFORD LEA-7,,Baile Átha Cliath,DUBLIN,Leinster,2ae19629-3f3f-13a3-e055-000000000001,717720.19,722697.93,52646523.44,144,52649518.1791992,34864.5304193939
13260429,ARTANE-WHITEHALL LEA-6,,Baile Átha Cliath,DUBLIN,Leinster,2ae19629-3ef4-13a3-e055-000005200001,718271.31,739483.09,12640087.33,145,12648934.5082092,19053.0119580867
13170401,CARRICKMACROSS-CASTLEBLAYNEY LEA-6,,Muineachán,MONAGHAN,Ulster,2ae19629-3f1f-13a3-e055-000000000001,684867.07,812044.92,347023886.46,146,347019432.750793,138279.710088064
13200401,SLIGO-DRUMCLIFF LEA-5,,Sligeach,SLIGO,Connacht,2ae19629-3f28-13a3-e055-000000000001,566625.89,840821.45,391272867.59,147,391352375.058167,252843.14109449
13260401,SWORDS LEA-7,,Baile Átha Cliath,DUBLIN,Leinster,2ae19629-3ef8-13a3-e055-000000000001,714487.43,746488.4,74607566.77,148,74597709.7337341,55420.7747562098
1330402,SHANNON LEA-7,,An Clár,CLARE,Munster,2ae19629-3f61-13a3-e055-000000000001,549356.23,664906,258804440.12,149,258802879.391785,119781.84475004
1340413,CORK CITY SOUTH CENTRAL LEA-6,,Corcaigh,CORK,Munster,2ae19629-3ef4-13a3-e055-000001100001,567619.09,568520.61,16890058.52,150,16893139.932373,24964.0601340848
13260418,ONGAR LEA-5,,Baile Átha Cliath,DUBLIN,Leinster,2ae19629-3ef4-13a3-e055-000002200001,704348.84,739613.75,7168681.96,151,7178688.35565186,12737.5125785235
1340406,BANTRY-WEST CORK LEA-4,,Corcaigh,CORK,Munster,2ae19629-3f41-13a3-e055-000000000001,483190.61,544499.81,1239485341.54,152,1239180107.07182,888201.406888777
1330403,ENNIS LEA-7,,An Clár,CLARE,Munster,2ae19629-3f62-13a3-e055-000000000001,532526.3,677422.29,173025325.28,153,173047801.537994,107664.474577127
13150402,CASTLEBAR LEA-7,,Maigh Eo,MAYO,Connacht,2ae19629-3f16-13a3-e055-000000000001,513302.49,785454.66,950002711,154,949948555.070282,209206.829904192
13230403,MULLINGAR LEA-6,,An Iarmhí,WESTMEATH,Leinster,2ae19629-3ef4-13a3-e055-900000000111,645586.75,753159.69,171292841.59,155,171303388.337158,68180.7555995733
13120402,CAPPAMORE-KILMALLOCK LEA-7,,Luimneach,LIMERICK,Munster,2ae19629-3f09-13a3-e055-000000000001,568291.39,637511.5,1035013604.24,156,1034965985.79285,259114.954355946
13260410,BLACKROCK LEA-6,,Baile Átha Cliath,DUBLIN,Leinster,2ae19629-3f4f-13a3-e055-000000000001,720853.94,728116.54,8937906.87,157,8925072.43353271,17523.5933944021
1350400,GLENTIES LEA-6,,Dún na nGall,DONEGAL,Ulster,2ae19629-3f43-13a3-e055-000000000001,585270.37,914985.09,1309188556.78,158,1308908920.82138,662691.768212111
1350403,BUNCRANA LEA-5,,Dún na nGall,DONEGAL,Ulster,2ae19629-3f46-13a3-e055-000000000001,639858.48,926506.61,413527497.33,159,413612162.849792,160914.19365673
13260409,DÚN LAOGHAIRE LEA-7,,Baile Átha Cliath,DUBLIN,Leinster,2ae19629-3f4e-13a3-e055-000000000001,724659.47,727463.43,11453851.74,160,11443648.2536926,28437.7490239003
13200402,SLIGO-STRANDHILL LEA-6,,Sligeach,SLIGO,Connacht,2ae19629-3ef4-13a3-e055-007589300001,565254.17,835262.78,34446823.33,161,34375568.0492859,47475.3424322243
1350405,LETTERKENNY LEA-7,,Dún na nGall,DONEGAL,Ulster,2ae19629-3ef4-13a3-e055-700012002301,610489.65,912061.68,348864600.69,162,348807167.130371,145440.403222938
1380401,CELBRIDGE LEA-4,,Cill Dara,KILDARE,Leinster,2ae19629-3f70-13a3-e055-000000000001,696826.59,730935.81,40617526.96,163,40623638.0361938,39637.3768443165
1330400,ENNISTIMON LEA-4,,An Clár,CLARE,Munster,2ae19629-3f5f-13a3-e055-000000000001,520746.99,695127.4,906792497.92,164,906778966.750946,241866.139158218
1370403,KENMARE LEA-6,,Ciarraí,KERRY,Munster,2ae19629-3f6e-13a3-e055-000000000001,468358.69,575985.16,1865851503.01,165,1865546325.95918,697529.232118319
13160404,TRIM LEA-6,,An Mhí,MEATH,Leinster,2ae19629-3f1c-13a3-e055-000000000001,671062.14,751858.51,499523854.57,166,499520002.534882,153397.662090408
